,codon probs
aaa,0.016361491705512602
aag,0.013989129442201733
aac,0.018891092875240385
aat,0.017361120492011887
aga,0.011944213148954956
agg,0.01113694536137121
agc,0.019306073906608736
agt,0.011135324341717427
aca,0.01241863156762867
acg,0.017452437932508308
acc,0.017917670573143918
act,0.011196382748676573
ata,0.012725814792020477
atg,0.017295199026091394
atc,0.02001635068490782
att,0.01747080948858451
gaa,0.0190483317816573
gag,0.008978017352475054
gac,0.012880892338899014
gat,0.019975825193563255
gga,0.012751480936538702
ggg,0.008945596959399402
ggc,0.022249305257993384
ggt,0.017695050540691107
gca,0.02273561115412817
gcg,0.025914160525253596
gcc,0.022502184323983473
gct,0.019226914113515684
gta,0.011950156887685493
gtg,0.01496336225412509
gtc,0.012759586034807615
gtt,0.018935670915719405
caa,0.017408940571798474
cag,0.0251301273527074
cac,0.015191115515481548
cat,0.017563747948734713
cga,0.017087978680349513
cgg,0.020988692307235098
cgc,0.026186761997031374
cgt,0.017482156626160986
cca,0.021058666322290046
ccg,0.021042456125752222
ccc,0.009050422897010678
cct,0.011142348760217151
cta,0.005624668028683402
ctg,0.02469380289589758
ctc,0.009104456885470099
ctt,0.014209858285058467
tac,0.01192232938362889
tat,0.012630444802389599
tgg,0.020570199066616883
tgc,0.022631325556401488
tgt,0.012400260011552467
tca,0.019225833433746495
tcg,0.017341938426108792
tcc,0.012823616311132028
tct,0.011770493876057917
tta,0.014153392767118373
ttg,0.017478644416911125
ttc,0.019371455032644633
ttt,0.016583031058196227
